"","cbsa","id2","treatment","rent00","hinc00","pnhwht12","pnhblk12","phisp12","ppov12","punemp12","hinc12","hincb12","hincw12","phs12","pcol12","pown12","mhmval12","Treated","Control"
"22051020101","35380",22051020101,0,642,36420,81.77999878,1.830000043,15.61999989,8.739999771,4.400000095,51628,31786,59815,40.66999817,29.95999908,58.34999847,244600,0,1
"22051020102","35380",22051020102,0,337,52399,87.16000366,1.690000057,6.389999866,6.420000076,1.039999962,60143,49940.7174925069,61721,31.47999954,36.68000031,88.58000183,240200,0,1
"22051020201","35380",22051020201,0,650,38056,72.18000031,6.659999847,9.710000038,9.159999847,3.529999971,54476,46125,54355,23.04999924,45.65999985,42.15000153,296500,0,1
"22051020202","35380",22051020202,0,1387,26317,22.52000046,32.66999817,38.06000137,28.86000061,12.64000034,36011,37589,37788,46.36999893,24.94000053,12.01000023,89100,0,1
"22051020203","35380",22051020203,0,533,65172,67.51999664,3.660000086,20.29999924,12.02999973,8.359999657,86952,31754,93125,33.59999847,37.97999954,80.58999634,303300,0,1
"22051020301","35380",22051020301,0,33,69877,77.01000214,0.129999995,10.39000034,9.789999962,2.24000001,86047,49940.7174925069,86926,32.02000046,47.24000168,89.81999969,286800,0,1
"22051020302","35380",22051020302,0,513,55368,74.29000092,2.779999971,13.38000011,5.170000076,4.099999905,74958,11151,76825,31.27000046,45.79999924,73.97000122,276900,0,1
"22051020303","35380",22051020303,0,162,52917,91.66999817,0,6.480000019,4.369999886,2.369999886,62339,49940.7174925069,62917,45.20000076,29.07999992,87.75,197200,0,1
"22051020400","35380",22051020400,0,31.70358426,78084.36103,83.04000092,0.029999999,12.85000038,3.309999943,1.899999976,91875,49940.7174925069,91944,25.85000038,47.79999924,96.22000122,261800,0,1
"22051020502","35380",22051020502,1,907.2627685,38443.15301,49.25999832,10.31000042,35.25999832,6.760000229,3.900000095,48342,17875,48097,59.65000153,12.52000046,59.38999939,145200,1,0
"22051020505","35380",22051020505,0,232,23024,12.97999954,77.41999817,9.609999657,15.39999962,8.489999771,41776,42813,39167,62.09000015,11.81000042,73.51999664,127300,0,1
"22051020506","35380",22051020506,0,961.7075183,40441.64811,59.33000183,11.27999973,25.53000069,23.53000069,11.89000034,47959,31020,56354,50.70000076,18.29000092,65.5,198800,0,1
"22051020507","35380",22051020507,0,496,43433,68.23999786,8.619999886,18.61000061,6.090000153,5.050000191,49528,44457,49340,43.97000122,21.75,62.77000046,165800,0,1
"22051020508","35380",22051020508,1,600,45466,62.40000153,14.80000019,18.17000008,6.25,7.5,66863,44632,77018,42.11000061,27.20000076,66.86000061,170600,1,0
"22051020511","35380",22051020511,0,657,49769,60.40999985,14.92000008,16.54000092,9.460000038,9.289999962,53636,41053,55045,25.52000046,32.93999863,65.63999939,224700,0,1
"22051020512","35380",22051020512,0,659,60100,57.95999908,9.340000153,23.09000015,13.43000031,6.690000057,52457,38710,65294,32.09000015,33.81000137,53.83000183,390300,0,1
"22051020513","35380",22051020513,0,823.1916367,43557.54615,50.16999817,17.19000053,22.88999939,17.61000061,5.039999962,50174,21389,56898,36.59999847,32.02000046,51.45999908,220500,0,1
"22051020514","35380",22051020514,0,25.84202453,88197.70959,86.97000122,0.029999999,10.21000004,0.779999971,3.400000095,99931,49940.7174925069,115543,29.70000076,48.70999908,100,278900,0,1
"22051020515","35380",22051020515,0,338.1924133,39698.99809,53.25999832,9.479999542,26.21999931,4.559999943,2.049999952,62197,68750,65250,59.27999878,12.03999996,82.33999634,178800,0,1
"22051020516","35380",22051020516,0,487.8075867,39699.00023,29.75,29.85000038,34.93000031,29.67000008,11.06000042,41042,23426,54821,59.59999847,10.60000038,50.25999832,153700,0,1
"22051020517","35380",22051020517,0,854,56269,87.94999695,3.180000067,6.900000095,0.939999998,5.260000229,82550,27422,88245,20.20000076,41.68999863,67.54000092,333500,0,1
"22051020600","35380",22051020600,1,1287.933594,22853.00067,9.619999886,67.62999725,22.5,30.43000031,19.12999916,30922,28699,44145,74.09999847,4.880000114,14.34000015,162500,1,0
"22051020700","35380",22051020700,0,252.0139115,22904.80162,29.05999947,52.93999863,14.43999958,22.72999954,6.380000114,30721,30532,36250,73.56999969,3.49000001,60.08000183,116200,0,1
"22051021000","35380",22051021000,0,249.7848969,31603.00059,43.97999954,34.88999939,19.04000092,17.70000076,11.80000019,43654,50400,43922,63.77000046,14.52000046,72.30000305,150800,0,1
"22051021100","35380",22051021100,0,198.9031677,35313.00077,77.36000061,5.210000038,12.48999977,20.23999977,16.79000092,52604,54750,46531,56.59000015,11.52999973,82.23999786,145300,0,1
"22051021200","35380",22051021200,0,520.0846558,26338.00027,50.61000061,25.54999924,17.87999916,15.69999981,18.17000008,27875,26776,24342,62.02999878,9.159999847,42.79999924,157800,0,1
"22051021300","35380",22051021300,0,67.2078023,48893.42718,77.12000275,2.880000114,15.97000027,8.18999958,1.710000038,66458,107578,68068,43.06000137,22.57999992,93.22000122,180200,0,1
"22051021400","35380",22051021400,0,47,57548,86.47000122,0.980000019,6,9.100000381,10.77999973,74531,49940.7174925069,72171,34.93000031,32.61000061,90.01000214,187300,0,1
"22051021500","35380",22051021500,0,1102,26538,43.09999847,31.11000061,14.01000023,30.90999985,13.85999966,27422,26420,30482,45.65000153,16.5,18.79000092,80000,0,1
"22051021600","35380",22051021600,0,1976,30055,63.29000092,15.98999977,18.82999992,15.78999996,9.869999886,36371,52404,35080,52.77999878,19.62000084,34.56000137,187300,0,1
"22051021700","35380",22051021700,0,899,40445,66.56999969,8.770000458,22.28000069,22.80999947,13.27000046,46649,47017,58272,38.56000137,26.23999977,55.84999847,211500,0,1
"22051021801","35380",22051021801,0,973,34837,67.90000153,18.07999992,12.64999962,4.179999828,9.710000038,51726,51042,54205,49.13000107,26.56999969,72.80000305,213100,0,1
"22051021803","35380",22051021803,0,2124.54834,27105.00075,27.94000053,40.63999939,17.32999992,29.60000038,3.529999971,31926,30143,41118,39.27999878,19.42000008,4.320000172,82100,0,1
"22051021804","35380",22051021804,0,1039.45166,27105.00143,30.04999924,24.18000031,43.18000031,22.48999977,6.369999886,36167,36473,43170,60.47999954,14.71000004,1.460000038,225209.682896467,0,1
"22051021900","35380",22051021900,0,686,34962,43.91999817,12.60000038,25.35000038,9.170000076,4.420000076,37160,26652,47500,41.95999908,20.94000053,32.59000015,187800,0,1
"22051022001","35380",22051022001,0,2190,27396,38.77999878,46.88000107,6.710000038,17.82999992,6.21999979,35469,34443,36996,48.22999954,21.97999954,12.63000011,205300,0,1
"22051022002","35380",22051022002,0,110,47411,96.16000366,0.579999983,1.980000019,5.489999771,3.650000095,60313,49940.7174925069,62868,27.57999992,37.38000107,90.88999939,196900,0,1
"22051022101","35380",22051022101,0,42,51042,90.02999878,0.129999995,0.74000001,0.340000004,3,80461,49940.7174925069,81579,16.09000015,61.09000015,96.52999878,259000,0,1
"22051022102","35380",22051022102,0,907,34954,79.08999634,9.640000343,3.299999952,17.87000084,4.789999962,32863,11903,35833,35.83000183,35.18999863,41.04999924,185400,0,1
"22051022200","35380",22051022200,0,228,43678,95.16999817,0.039999999,3.269999981,4.610000134,4.190000057,61743,49940.7174925069,61696,32.11999893,41.45999908,77.94999695,197900,0,1
"22051022301","35380",22051022301,0,292,51705,77.73999786,2.150000095,15.98999977,9.090000153,5.309999943,56250,73464,66250,29.75,37.16999817,77.37999725,225100,0,1
"22051022302","35380",22051022302,0,377.0360606,35144.17096,80.91000366,4.420000076,7.449999809,7.880000114,4.119999886,35625,7396,26919,36.63999939,37.29999924,56.75999832,190600,0,1
"22051022303","35380",22051022303,0,1323,31108,51.77999878,9.859999657,29.78000069,20.85000038,13.26000023,32288,21690,36889,50.18000031,22.70000076,13.77000046,120400,0,1
"22051022400","35380",22051022400,0,550.9639282,44352.99842,89.30999756,1.879999995,7.949999809,7.840000153,6.119999886,66838,49940.7174925069,67609,29.81999969,48.70000076,62.18000031,349400,0,1
"22051022500","35380",22051022500,0,562,40027,90.79000092,3.359999895,4.260000229,7.650000095,3.980000019,52250,155385,48750,35.70000076,41.81000137,63.81000137,258900,0,1
"22051022600","35380",22051022600,0,240.9268188,75865.99656,94.37999725,0,2.00999999,4.670000076,1.440000057,105561,49940.7174925069,106046,5.440000057,77.44999695,81.95999908,535500,0,1
"22051022700","35380",22051022700,0,382.1968265,41584.54271,94.94000244,0,4.409999847,6.989999771,4.829999924,71071,49940.7174925069,72232,25.53000069,46.40999985,66.76999664,242800,0,1
"22051022800","35380",22051022800,0,452.8031766,40002.6744,86.51999664,0.039999999,12.18000031,12.36999989,3.799999952,42976,49940.7174925069,45909,42.49000168,28.85000038,65.62999725,192600,0,1
"22051022900","35380",22051022900,0,593,33214,76.19000244,1.120000005,19.09000015,24.18000031,4.119999886,41875,12321,45588,50.13999939,21.94000053,59.61000061,195500,0,1
"22051023001","35380",22051023001,0,58,55806,91.81999969,1.620000005,6.25,2.519999981,4.659999847,68611,49940.7174925069,67743,41.18000031,31.81999969,92.62000275,205300,0,1
"22051023002","35380",22051023002,0,357,51225,84.45999908,4.71999979,9,6.389999866,5.420000076,55427,28661,55634,35.83000183,34.25999832,72.5,238300,0,1
"22051023003","35380",22051023003,0,58,58841,94.48000336,0.439999998,2.349999905,5.269999981,7.519999981,66146,49940.7174925069,64970,36.43000031,26.45000076,94.20999908,195300,0,1
"22051023100","35380",22051023100,0,486,32819,87.86000061,1.799999952,6.829999924,13.43000031,4.059999943,37051,49940.7174925069,36827,52.68000031,24.92000008,58.09999847,160300,0,1
"22051023200","35380",22051023200,0,427.6391296,34985.00141,81.40000153,1.210000038,14.97000027,13.22999954,10.07999992,44175,22375,44222,50.54000092,20.38999939,81.12999725,158600,0,1
"22051023300","35380",22051023300,0,56,47695,88.15000153,0.5,9.579999924,8.640000343,5.389999866,44783,49940.7174925069,44565,46.20000076,23.28000069,83.27999878,154900,0,1
"22051023400","35380",22051023400,0,66,50064,86.87999725,0,10.57999992,3.140000105,0.970000029,65756,49940.7174925069,61989,29.28000069,34.43000031,91.12999725,182500,0,1
"22051023500","35380",22051023500,0,98.09683418,48950.82187,86.29000092,1.029999971,10.68000031,3.25,5.099999905,58308,73214,60919,47.88000107,17.77000046,97,167800,0,1
"22051023600","35380",22051023600,0,445.5620602,32484.56978,69.45999908,12.35999966,13.44999981,8.869999886,6.519999981,52415,7072,58362,53.63999939,14.60000038,72.44999695,145700,0,1
"22051023700","35380",22051023700,0,325.3815005,20014.1959,0,95.08000183,4.289999962,19.95000076,18.98999977,25746,25726,60451.1686363636,69.54000092,7.889999866,61.33000183,109400,0,1
"22051023800","35380",22051023800,0,921,31790,50.65999985,39.15000153,8.619999886,23.04999924,5.119999886,38159,27667,49000,47.45999908,25.05999947,44.04999924,169500,0,1
"22051023901","35380",22051023901,0,135.7637796,59433.34422,95.58999634,0.779999971,3.069999933,5.449999809,2.190000057,76205,12250,79615,30.82999992,37.04999924,89.58999634,229200,0,1
"22051023902","35380",22051023902,0,43,69583,92.65000153,0,6.940000057,2.630000114,7.829999924,85436,49940.7174925069,86831,21.02000046,53.29999924,90.40000153,343500,0,1
"22051023903","35380",22051023903,0,83,62685,88.23000336,0.050000001,10.77999973,2.210000038,5.599999905,74934,49940.7174925069,76563,26.92000008,45.79999924,88.77999878,283600,0,1
"22051023904","35380",22051023904,0,504.869812,40085.99948,79.83999634,10.77999973,8.149999619,6.369999886,4.909999847,53628,24338,55372,35.86999893,36.54000092,52.40000153,244900,0,1
"22051024001","35380",22051024001,0,127,48884,96.34999847,0.419999987,2.680000067,10.86999989,1.50999999,63750,49940.7174925069,64097,48.72999954,17.12000084,78.66000366,199600,0,1
"22051024002","35380",22051024002,0,164.2624835,51739.58181,91.94999695,0.07,1.700000048,6.269999981,2.950000048,80375,49940.7174925069,76979,30.81999969,40.27999878,84.16000366,272700,0,1
"22051024100","35380",22051024100,0,570.1039429,39341.99904,92.66999817,0.579999983,3.50999999,11.35999966,5.309999943,53163,49940.7174925069,53328,45.31000137,19.63999939,62.45999908,181800,0,1
"22051024201","35380",22051024201,0,966.0596313,42476.99818,70.84999847,15.23999977,12.36999989,13.78999996,6.619999886,47000,45104,56379,40.88000107,27.79999924,60.34000015,155800,0,1
"22051024202","35380",22051024202,1,1184.505005,42476.99867,45.56000137,31.73999977,9.630000114,6.079999924,1.779999971,50521,45625,54639,17.36000061,56.41999817,4.349999905,141700,1,0
"22051024300","35380",22051024300,0,609,34250,82.52999878,9.149999619,4.099999905,13.26000023,8.970000267,44653,44223,43571,44.90999985,28.94000053,52.75999832,186700,0,1
"22051024400","35380",22051024400,0,635.9929199,29766.99901,65.18000031,19.60000038,11.48999977,15.68999958,4.550000191,40463,24706,46406,51.58000183,22.92000008,56.70999908,162300,0,1
"22051024500","35380",22051024500,0,231,42143,81.68000031,8.039999962,3.900000095,9.930000305,4.139999866,38810,80144,39643,39.06000137,18.71999931,56.97000122,204300,0,1
"22051024600","35380",22051024600,0,296.0802831,25810.13013,12.93000031,74.73000336,8.909999847,18.40999985,16.64999962,34958,34500,34015,65.08000183,6.190000057,57.33000183,100300,0,1
"22051024700","35380",22051024700,0,306,29898,62,21.57999992,16.09000015,15.05000019,1.190000057,36654,25915,59022,45.29000092,20.82999992,50.06999969,165200,0,1
"22051024800","35380",22051024800,0,370,48077,90.87999725,0,7,5.440000057,3.930000067,79724,49940.7174925069,79140,14,64.94999695,78.58000183,323700,0,1
"22051024900","35380",22051024900,0,469,36006,64.61000061,25.28000069,7.949999809,23.06999969,8.43999958,38470,38074,38810,57.25,20.44000053,47.34999847,178400,0,1
"22051025001","35380",22051025001,0,1050.697754,42416.99823,23.13999939,57.40000153,6.070000172,10.14000034,6.460000038,54864,55153,62200,42.47000122,24.37000084,60.15999985,163000,0,1
"22051025002","35380",22051025002,0,372.3023006,41992.11147,41.38000107,22.32999992,24.12999916,12.68000031,10.63000011,45759,36406,44706,61.47999954,13.30000019,64.93000031,135800,0,1
"22051025003","35380",22051025003,0,406,46346,56.74000168,23.88999939,14.57999992,16.15999985,5.78000021,55625,41500,64250,44.20999908,24.94000053,72.86000061,173500,0,1
"22051025102","35380",22051025102,0,317,56445,66.58000183,16.96999931,7.670000076,9.210000038,5.570000172,76016,34500,94639,34.88000107,35.06999969,79.29000092,194900,0,1
"22051025103","35380",22051025103,0,214,52031,40.45000076,40.65000153,9,23.5,7.25,46682,45091,65536,51.33000183,17.06999969,85.18000031,157200,0,1
"22051025104","35380",22051025104,0,536,40953,43.83000183,29.5,20.43000031,12.85999966,2.710000038,52305,54476,57845,53.40000153,15.80000019,52.97999954,140300,0,1
"22051025201","35380",22051025201,0,939,23261,19.23999977,47.38000107,29.45000076,44.06999969,4.199999809,24173,13042,52500,71.45999908,5.309999943,26.46999931,124600,0,1
"22051025202","35380",22051025202,0,1602,33839,33.11999893,35.43000031,27.87000084,25.35000038,12.56000042,35910,22043,54904,47.25999832,15.26000023,37.02999878,156800,0,1
"22051025300","35380",22051025300,0,391,34410,55.41999817,7.579999924,29.88999939,17.57999992,6.519999981,35847,22604,48692,57.83000183,19.65999985,49.18000031,175700,0,1
"22051025400","35380",22051025400,0,1043,31250,31.70000076,30.87000084,31.68000031,26.84000015,7.309999943,45293,43625,53403,52.59999847,14.69999981,46.65000153,130900,0,1
"22051025500","35380",22051025500,0,498,23969,20.80999947,54.65000153,15.53999996,37.65000153,15.15999985,26313,30417,26781,81.83999634,5.309999943,46.29999924,96800,0,1
"22051025600","35380",22051025600,0,294,29261,69.98999786,18.70000076,7.519999981,24.73999977,6.309999943,37206,15568,44773,43.52000046,31.09000015,42.61999893,150900,0,1
"22051025700","35380",22051025700,0,384,20556,13.09000015,73,3.660000086,36.15999985,20.27000046,23423,22609,28672,70.94999695,12.94999981,45.15000153,126000,0,1
"22051025800","35380",22051025800,0,420,28634,48.68000031,49.25999832,1.549999952,38.43000031,12.97999954,39375,15052,48750,66.09999847,14.01000023,49.36000061,159900,0,1
"22051025900","35380",22051025900,1,745,23581,51.54999924,41.95000076,3.799999952,24.27000046,6.210000038,25968,16366,41852,65.19999695,11.64000034,35.63999939,179500,1,0
"22051026000","35380",22051026000,1,367,29075,60.70000076,20.73999977,13.63000011,19.19000053,10.10999966,43797,19779,45141,73.30000305,5.050000191,60.27999878,127300,1,0
"22051026100","35380",22051026100,0,1091.287772,20013.83215,30.69000053,41.04000092,18.70999908,34.81000137,7.409999847,28681,23490,43438,67.27999878,9.609999657,44.97999954,123100,0,1
"22051026200","35380",22051026200,0,279.7122192,19508.00042,1.50999999,95.47000122,0.409999996,37.31000137,10.77000046,29557,29453,60451.1686363636,75.63999939,9.289999962,53.18000031,89800,0,1
"22051026300","35380",22051026300,0,286,28703,86.31999969,9.409999847,2.880000114,19.02000046,3.069999933,42656,17656,50196,54.09000015,15.30000019,69.26000214,160500,0,1
"22051026400","35380",22051026400,0,137,43824,86.5,6.289999962,3.119999886,13.93000031,5.53000021,52391,78804,44750,58.38000107,5.489999771,67.76999664,141700,0,1
"22051026500","35380",22051026500,0,473.7505188,18463.99965,72.69000244,18.73999977,5.139999866,18.54000092,6.150000095,27880,18272,35873,64.02999878,14.96000004,43.40000153,169400,0,1
"22051026600","35380",22051026600,0,278,27583,71.33999634,7.820000172,14.22999954,17.04000092,11.10999966,36754,23750,40231,68.73000336,11.23999977,53.84000015,132200,0,1
"22051026700","35380",22051026700,0,180.9179431,30738.53601,45.84999847,29.79000092,13.56999969,23.09000015,1.440000057,29200,26902,35054,72.76999664,11.68000031,78.08999634,121800,0,1
"22051026800","35380",22051026800,0,414.082049,21829.83578,18.73999977,69.66000366,6.539999962,36.20000076,12.28999996,30413,27414,39549,66.63999939,9.739999771,61.31000137,101600,0,1
"22051026900","35380",22051026900,0,574.5474854,22470.00082,1,98.26000214,0,32.86000061,12.76000023,22889,23403,21136,68.76000214,6.820000172,57.68999863,103500,0,1
"22051027000","35380",22051027000,0,602.4758544,34404.92817,41.83000183,38.63000107,4.820000172,17.57999992,4.460000038,36012,31550,36224,67.40000153,6.929999828,70.58999634,147600,0,1
"22051027100","35380",22051027100,0,743.3519979,29273.54038,96.34999847,2.079999924,0.790000021,17.77000046,16.36000061,43548,9491,44919,67.02999878,6.519999981,72.66000366,139500,0,1
"22051027200","35380",22051027200,0,1000.18057,26004.50009,71.48999786,23.03000069,2.380000114,19.75,10.81000042,32071,20904,37589,71.77999878,5.050000191,57.70999908,126100,0,1
"22051027501","35380",22051027501,0,246,39148,52.77999878,40.65000153,5.130000114,10.55000019,14.63000011,48589,44318,49953,68.26000214,7.5,66.19999695,139400,0,1
"22051027502","35380",22051027502,0,162,24569,0.050000001,99.26999664,0,23.53000069,10.02999973,31413,31576,60451.1686363636,64.58999634,8.420000076,80.72000122,106800,0,1
"22051027601","35380",22051027601,0,240.9972076,35681.99902,48.88000107,33.59000015,6,17.27000046,7.360000134,49898,54543,49406,67.36000061,7.630000114,81.09999847,108800,0,1
"22051027602","35380",22051027602,1,520.4468756,18567.25815,12.34000015,71.43000031,4.860000134,33.5,26.01000023,29245,27273,26898,74.76999664,4.099999905,58.06000137,61900,1,0
"22051027701","35380",22051027701,1,499,30996,1.039999962,96.93000031,1.899999976,34.43999863,8.930000305,27014,26847,11719,70.76999664,3.160000086,59.20000076,124300,1,0
"22051027703","35380",22051027703,0,402.9793117,31494.38079,34.31000137,45.68000031,13.25,26.43000031,7.369999886,38909,30878,47298,67.69999695,5.039999962,69.76000214,117500,0,1
"22051027803","35380",22051027803,0,1120,27829,23.38999939,46.93999863,26.85000038,39.86999893,2.700000048,24539,22681,40361,66.66999817,4.210000038,35.56000137,122400,0,1
"22051027804","35380",22051027804,0,480,63986,44.97999954,31.38999939,14.97999954,0.720000029,1.929999948,90313,81979,102713,24.27000046,43.11000061,75.44999695,279200,0,1
"22051027805","35380",22051027805,0,590,51745,23.80999947,50.13000107,9.039999962,15.05000019,8.68999958,65802,57639,73259,49.97999954,22.54000092,86.72000122,174300,0,1
"22051027806","35380",22051027806,0,369.1506042,48738.99912,59.13000107,24.5,9.159999847,18.55999947,5.53000021,53114,40750,54331,59.86000061,15.10000038,82.29000092,147300,0,1
"22051027807","35380",22051027807,0,121.0583673,60235.32767,61.15999985,19.81999969,7.619999886,3.900000095,4.619999886,71422,63828,69362,49.36000061,20.20999908,94.88999939,209000,0,1
"22051027809","35380",22051027809,0,163,41434,53.86999893,33.41999817,4.590000153,14.85000038,5.599999905,54188,45391,61426,61.18999863,10.64999962,87.98000336,148100,0,1
"22051027810","35380",22051027810,0,79,44701,9.979999542,68.44000244,12.68999958,10.27999973,6.929999828,67321,69787,63750,46.66999817,17.09000015,80.81999969,151000,0,1
"22051027811","35380",22051027811,0,233,46150,5.860000134,88.76999664,2.349999905,12.69999981,5.889999866,49688,51000,28846,49.36000061,20.51000023,82.09999847,156700,0,1
"22051027812","35380",22051027812,0,249,43788,7.980000019,88.22000122,3.319999933,33.54000092,7.110000134,53750,48750,62237,54.33000183,15.78999996,79.16999817,157300,0,1
"22051027901","35380",22051027901,0,182.8080902,32820.99947,85.58000183,1.809999943,5.5,11.5,5.539999962,43333,15956,42759,72.48999786,4.599999905,85.05000305,163300,0,1
"22051027902","35380",22051027902,0,191.1919098,32821.00051,98.80999756,0,0,16.85000038,5.440000057,46063,49940.7174925069,46063,72.41999817,7.389999866,81.41000366,153300,0,1
"22051028000","35380",22051028000,0,95.06118029,52465.42066,60.40999985,17.03000069,11.01000023,8.199999809,2.019999981,60920,61786,61543,49.68000031,14.5,87.12000275,170600,0,1
"22051028100","35380",22051028100,1,493.0539125,20658.72039,10.13000011,87.30999756,0.039999999,32.61000061,25.02000046,26121,25733,30962,66.01000214,7.21999979,44.25999832,119700,1,0
"22051028200","35380",22051028200,0,608,25173.65767,52.84000015,24.30999947,16.12000084,19.35000038,16.26000023,30473,25161,36302,67.58999634,5.329999924,61.09999847,110300,0,1
"22051980000","35380",22051980000,0,0.066395044,22853.00053,63.9243262863757,13.4047409142474,15.2274662776778,15.9567745723636,10.0264053793369,56639.9112417014,49940.7174925069,60451.1686363636,43.7038297014993,27.4603351596808,64.7856257224851,225209.682896467,0,1
"22071000100","35380",22071000100,0,595,38750,72.80999756,17.05999947,7.400000095,16.97999954,5.849999905,56806,46435,75417,27.38999939,48.15999985,54.93999863,255600,0,1
"22071000200","35380",22071000200,0,266,18646,11.01000023,79.37999725,8.220000267,19.38999939,12.47999954,28000,30764,9688,59.75999832,11.89999962,36.09999847,148300,0,1
"22071000300","35380",22071000300,0,284,13164,7.550000191,91.29000092,0.829999983,37.18000031,24.75,22619,23393,21250,71.66999817,6.670000076,38.99000168,99600,0,1
"22071000400","35380",22071000400,0,433,22028,12.31999969,82.73999786,1.179999948,22.70999908,11.31999969,33066,31935,44250,54.59999847,15.40999985,50.81000137,109400,0,1
"22071000601","35380",22071000601,0,445,5818,0,100,0,58,22.12999916,19457,19457,60451.1686363636,81.61000061,14.25,17.47999954,112500,0,1
"22071000602","35380",22071000602,0,354,23955,5.559999943,94.05999756,0.159999996,40.04000092,15.30000019,27083,27292,20625,53.77000046,10.05000019,60.95999908,98700,0,1
"22071000603","35380",22071000603,0,497.5984802,17175.99932,1.039999962,57.54999924,36.97999954,22.29999924,19.38999939,31974,25000,60451.1686363636,75.23000336,2.880000114,28.60000038,82300,0,1
"22071000604","35380",22071000604,0,1036.401502,27430.46888,9.289999962,84.29000092,4.230000019,21.79000092,11.96000004,39811,41629,37024,54.63999939,13.26000023,45.68000031,137800,0,1
"22071000605","35380",22071000605,1,442,29760,36.04000092,60.61999893,1.840000033,27.06999969,20.38999939,37569,36250,36250,51.16999817,12.17000008,56.36999893,103000,1,0
"22071000606","35380",22071000606,0,99,56760,37.04999924,49.43000031,7.019999981,19.23999977,8.550000191,56054,50052,64605,41.43000031,30.95000076,86.76000214,161000,0,1
"22071000607","35380",22071000607,0,111,58801,53.54999924,39.52000046,6.170000076,4.21999979,8.729999542,58783,82743,56305,22.05999947,48,91.87000275,176800,0,1
"22071000611","35380",22071000611,0,444,25714,0.319999993,76.56999969,8.840000153,27.45000076,13.5,37375,36391,60451.1686363636,65.33000183,8.920000076,58.45999908,109100,0,1
"22071000612","35380",22071000612,0,21,146158,55.04999924,24.57999992,8.760000229,12.77999973,7.550000191,138036,116250,168750,16.28000069,58.18000031,96.48000336,495500,0,1
"22071000613","35380",22071000613,1,1787,16788,12.36999989,84.83999634,1.860000014,43.97999954,19.20999908,17405,16131,25833,58.22999954,13.60000038,16.64999962,167800,1,0
"22071000615","35380",22071000615,0,521.7791748,39669.99876,27.52000046,67.19000244,1.279999971,28.95999908,10.56999969,30804,26696,36370,42.31999969,26.07999992,38.04000092,152500,0,1
"22071000616","35380",22071000616,1,828.2208862,39670,32.15999985,64.30000305,2.75,24.30999947,12.13000011,52632,28513,76397,32.52000046,37.27999878,62.13999939,187900,1,0
"22071000617","35380",22071000617,0,745.0091553,51182.00037,13.82999992,80.66999817,2.390000105,13.40999985,10.68999958,36202,38487,43750,28.47999954,24.32999992,18.72999954,129000,0,1
"22071000618","35380",22071000618,0,702.9908447,51181.9996,40.47000122,47.77000046,4.53000021,7.650000095,3.309999943,104519,90875,108750,26.37000084,49.77000046,94.16999817,229900,0,1
"22071000701","35380",22071000701,1,448,22399,4.519999981,95.48000336,0,20.78000069,19.25,22446,26964,60451.1686363636,83.04000092,2.119999886,87.58000183,95000,1,0
"22071000702","35380",22071000702,0,706,19671,7.920000076,91.54000092,0,42.00999832,9.670000076,25052,25206,18000,59.13000107,13.59000015,40.84000015,117300,0,1
"22071000800","35380",22071000800,0,447,21818,3.450000048,93.69000244,0,24.45000076,6.010000229,37955,40000,16750,53.04999924,18.95000076,60.65999985,108000,0,1
"22071000901","35380",22071000901,0,356,19010,0,100,0,28.54000092,25.12000084,25594,25594,60451.1686363636,71.94000244,6.630000114,88.40000153,96200,0,1
"22071000902","35380",22071000902,0,394,18737,1.159999967,98.83999634,0,25.57999992,0,39773,39773,60451.1686363636,85.33000183,0,60.52999878,101600,0,1
"22071000903","35380",22071000903,0,408.9406644,20456.1146,0,100,0,42.34999847,19.14999962,22000,22000,60451.1686363636,74.68000031,6.869999886,61.33000183,85800,0,1
"22071000904","35380",22071000904,0,371.0593262,18986.00024,1.879999995,93.08999634,0,35.79000092,35.22000122,18846,17292,60451.1686363636,67.06999969,8.779999733,60.56000137,127900,0,1
"22071001100","35380",22071001100,0,743,16535,47.72999954,49.18999863,0.949999988,17.11000061,7.760000229,32208,21389,41891,40.49000168,31.95000076,39.38000107,172000,0,1
"22071001200","35380",22071001200,0,658,22845,73.90000153,19.28000069,1.940000057,26.30999947,10.97000027,41161,14302,43726,32.70000076,53.63999939,38.11000061,218900,0,1
"22071001301","35380",22071001301,0,607,20778,12.61999989,83.06999969,0,42.90999985,19.38999939,17336,12731,34583,55.88999939,17.18000031,45.75999832,158700,0,1
"22071001302","35380",22071001302,1,370,21712,5.329999924,93.79000092,0.389999986,56.70999908,30.57999992,18155,18810,4732,73.16000366,4.71999979,31.04999924,90300,1,0
"22071001401","35380",22071001401,0,494,19784,1,93.84999847,0,30.13999939,8.229999542,28533,28478,60451.1686363636,63.56000137,8.210000038,47.54000092,84200,0,1
"22071001402","35380",22071001402,1,514,22310,8.409999847,84.95999908,1.5,35.20999908,11.28999996,21827,17600,37308,61.72999954,4.769999981,58.25,97800,1,0
"22071001500","35380",22071001500,1,448,12679,15.81000042,83.38999939,0,48.68999863,18.67000008,25200,20625,27450,78.54000092,1.679999948,37.34999847,159300,1,0
"22071001600","35380",22071001600,0,386,11126,63.9243262863757,13.4047409142474,15.2274662776778,15.9567745723636,10.0264053793369,56639.9112417014,49940.7174925069,60451.1686363636,43.7038297014993,27.4603351596808,64.7856257224851,225209.682896467,0,1
"22071001701","35380",22071001701,0,80,35861,0.219999999,99.12000275,0,35.77999878,17.45999908,25561,25638,60451.1686363636,45.90999985,31.79999924,84.55999756,148400,0,1
"22071001702","35380",22071001702,0,359,35948,16.13999939,75.80000305,1.899999976,24.04000092,15.53999996,43533,42554,60833,41.65000153,22.37000084,74.43000031,161300,0,1
"22071001720","35380",22071001720,1,620,36387,2.029999971,95.06999969,0,35.56999969,15.36999989,33795,32679,250001,54.77999878,11.52000046,67.59999847,137600,1,0
"22071001722","35380",22071001722,0,1044,24978,1.75,94.83000183,1.350000024,22.87999916,13.59000015,30780,30318,53750,57.88000107,12.85999966,65.66000366,123300,0,1
"22071001723","35380",22071001723,0,292,39049,3.940000057,92.34999847,0,24.89999962,18.59000015,31907,33407,29219,54.31999969,12.89000034,76.34999847,140700,0,1
"22071001724","35380",22071001724,1,787,35000,6.829999924,85.98000336,2.140000105,34.06000137,19.65999985,26760,25917,28438,42.70000076,18.88999939,47.29999924,176200,1,0
"22071001725","35380",22071001725,0,1228,35322,1.940000057,94.79000092,3.019999981,37.61999893,14.14000034,26194,25800,108194,53.00999832,17.86000061,37.16999817,162000,0,1
"22071001730","35380",22071001730,0,443,40227,5.730000019,94.26999664,0,38.93000031,12.84000015,30875,30167,90729,41.75999832,17.79999924,82.34999847,161400,0,1
"22071001734","35380",22071001734,0,77,37328,83.44000244,0,4.570000172,6.150000095,5.340000153,58929,49940.7174925069,74205,39.77000046,26.25,100,253500,0,1
"22071001735","35380",22071001735,0,1477,29429,4.329999924,95.66999817,0,43.95999908,18,27000,29250,2499,54.40999985,17.85000038,50.88000107,99000,0,1
"22071001736","35380",22071001736,0,1249,20144,2.559999943,92.43000031,4.320000172,42.81000137,16.52000046,30729,30979,60451.1686363636,36.84999847,26.07999992,24.54000092,166800,0,1
"22071001737","35380",22071001737,0,877,31888,6.789999962,92.87000275,0,27.06999969,8.600000381,28157,28030,26964,45.43999863,14.02000046,35.66999817,152100,0,1
"22071001739","35380",22071001739,0,769,25955,0,100,0,33.68000031,10.23999977,38697,38697,60451.1686363636,48.97999954,24.63999939,55.06999969,188200,0,1
"22071001740","35380",22071001740,0,968,38760,1.559999943,89.33000183,1.590000033,23.15999985,11.13000011,34619,33877,60451.1686363636,34.09999847,20.17000008,51.81000137,165800,0,1
"22071001741","35380",22071001741,0,21,43258,2.75,67.34999847,0,30.77000046,13.72000027,40637,40756,13833,52.13999939,10.68000031,87.70999908,118700,0,1
"22071001743","35380",22071001743,0,762.3236084,31803.00167,1.799999952,96.79000092,0,27.5,2.569999933,25291,25207,60451.1686363636,48.27000046,13.23999977,30.47999954,267000,0,1
"22071001744","35380",22071001744,0,1279.676392,31802.9996,1.779999971,96.29000092,1.330000043,50.27000046,11.13000011,23456,23407,60451.1686363636,44.24000168,14.98999977,24.88999939,166100,0,1
"22071001745","35380",22071001745,0,368.1897476,37120.00055,5.349999905,89.12000275,3.880000114,26.12999916,14.43000031,38304,40625,55057,43.54000092,14.06000042,59.24000168,149600,0,1
"22071001746","35380",22071001746,0,617.8102829,37119.999,1.840000033,97.41999817,0.449999988,26.75,7.800000191,34616,34247,54412,49.83000183,9.890000343,65.54000092,142200,0,1
"22071001747","35380",22071001747,0,138.5650482,47195.99954,2.130000114,76.51000214,0.949999988,8.279999733,11.47000027,71607,69760,9042,32.18000031,35.38999939,98.66000366,279200,0,1
"22071001748","35380",22071001748,0,185.4349518,47195.99925,6.369999886,80.02999878,4.5,28.14999962,11.81999969,40833,43482,30000,52.27000046,10.53999996,81.79000092,138500,0,1
"22071001749","35380",22071001749,0,471.6635437,21471.00017,0.07,38.36999893,13.10999966,35.09000015,11.82999992,30833,26731,60451.1686363636,67.43000031,11.35999966,65.01999664,121900,0,1
"22071001750","35380",22071001750,0,1082.336426,21471.0007,2.099999905,15.09000015,15.67000008,49.34000015,13.97000027,20093,16000,2499,71.20999908,10.97000027,50.09000015,118700,0,1
"22071001751","35380",22071001751,1,447,14583,9.380000114,72.12000275,18.22999954,47.11000061,8.279999733,19821,17097,26667,55.86999893,3.24000001,6.420000076,110000,1,0
"22071001800","35380",22071001800,1,549,26661,83.97000122,3.75999999,11.35000038,12.89000034,1.789999962,54125,21500,51622,27.38999939,47.36999893,36.38999939,302900,1,0
"22071001900","35380",22071001900,1,651,14281,17.43000031,70.48999786,11.61999989,43.52999878,17.85000038,23459,13250,31319,63.06000137,12.90999985,35.86000061,141700,1,0
"22071002000","35380",22071002000,0,493,15250,4.989999771,91.19000244,1.789999962,59.97999954,15.55000019,10265,9685,63036,72.84999847,4.699999809,35.68000031,110000,0,1
"22071002100","35380",22071002100,0,334,21250,5.570000172,92.16999817,0,42.43000031,23.13999939,15250,15250,60451.1686363636,60.65000153,20.79999924,38.45999908,114600,0,1
"22071002200","35380",22071002200,0,411,20682,2.99000001,97.01000214,0,25.05999947,15.23999977,28293,28415,2499,67.69000244,9.56000042,40,129200,0,1
"22071002300","35380",22071002300,0,619,27139,2.99000001,96.62999725,0.389999986,26.37000084,17.15999985,23813,23875,12115,59.86999893,10.72000027,62.25999832,143900,0,1
"22071002401","35380",22071002401,0,237,31932,6.090000153,88.20999908,2.119999886,17.5,9.670000076,45146,46960,39167,46.47000122,23.11000061,70.30999756,142400,0,1
"22071002402","35380",22071002402,0,618,27526,7.199999809,90.65000153,0.610000014,24.22999954,9.930000305,41375,42404,40338,47.11000061,11.98999977,55.61999893,159700,0,1
"22071002501","35380",22071002501,0,306,37782,14.81999969,75.01999664,7.869999886,9.399999619,15.09000015,39342,34196,50288,41.93999863,24.04999924,60.88999939,209400,0,1
"22071002502","35380",22071002502,0,325,30464,5.949999809,93.77999878,0.270000011,33.75,14.67000008,29896,31283,25417,46.88999939,17.56999969,58.90000153,129000,0,1
"22071002503","35380",22071002503,0,183,37411,24.20000076,73,2.190000057,15.52999973,9.579999924,54079,54013,55441,30.53000069,44.84999847,67.97000122,174700,0,1
"22071002504","35380",22071002504,0,294,40179,17.63999939,76.01999664,2.690000057,14.56999969,10.30000019,45506,44464,46089,41.70999908,25.85000038,58.99000168,173400,0,1
"22071002600","35380",22071002600,1,767,21981,66.62000275,6.880000114,19.70000076,21.13999939,9.050000191,44964,10625,52976,34.15000153,41.41999817,36.93000031,303200,1,0
"22071002700","35380",22071002700,0,631,16102,11.64999962,79.23999786,7.869999886,48.79000092,27.42000008,20705,18944,44615,48.65999985,16.30999947,23.81999969,97200,0,1
"22071002800","35380",22071002800,0,593.0314941,13834.99974,0.569999993,98.58000183,0,33.04999924,17.89999962,26382,26447,60451.1686363636,61,17.89999962,26.95000076,132100,0,1
"22071002900","35380",22071002900,0,515.9685241,20181.22921,7.550000191,91.04000092,1.409999967,30.45999908,14.10000038,34044,27143,60451.1686363636,67.90000153,8.18999958,22.70000076,79100,0,1
"22071003000","35380",22071003000,0,462,15804,0.920000017,96.16000366,2.920000076,48.5,24.61000061,17569,16964,60451.1686363636,77.94000244,2.839999914,35.88999939,111800,0,1
"22071003100","35380",22071003100,0,426,16811,2.720000029,88.79000092,0,56.47000122,12.71000004,17288,17204,60451.1686363636,58.77999878,17.21999931,40.86999893,155900,0,1
"22071003301","35380",22071003301,1,247,53958,47.24000168,41.45999908,11.30000019,15.78999996,7.539999962,53295,41250,60536,27.18000031,43.02000046,75.12999725,224300,1,0
"22071003302","35380",22071003302,0,149,48494,3.599999905,87.09999847,2.710000038,28.14999962,16.01000023,45982,46875,48125,41.59000015,28.15999985,80.23999786,161800,0,1
"22071003303","35380",22071003303,0,465,29079,10.85000038,77.47000122,7.039999962,14.90999985,16.87999916,26638,21667,47321,41.77000046,23.02000046,47.31999969,134300,0,1
"22071003304","35380",22071003304,0,485,30750,9.279999733,85.55000305,4.329999924,37.40999985,18.10000038,28958,24375,47885,65.52999878,12.89000034,40.63000107,170700,0,1
"22071003307","35380",22071003307,0,221,27798,1.50999999,85.94999695,12.53999996,18.38999939,11.27999973,42619,35682,50208,49.52000046,19.89999962,49.16999817,131100,0,1
"22071003308","35380",22071003308,1,878,28408,5.929999828,82.91000366,5.059999943,22.53000069,16.94000053,29640,33015,60451.1686363636,47.97999954,22.37999916,53.79000092,137100,1,0
"22071003400","35380",22071003400,0,644,15978,23.52000046,71.26999664,5.210000038,40.59000015,18.80999947,21827,17910,32361,54.59999847,23.28000069,16.63999939,170800,0,1
"22071003500","35380",22071003500,0,533,13564,11.85000038,87.01000214,0,35.70999908,16.20999908,20469,19917,47000,63.52000046,6.900000095,47.79999924,134500,0,1
"22071003600","35380",22071003600,0,528,18304,8.729999542,86,1.080000043,43.18999863,17.36000061,20089,16728,35703,65.69000244,14.06999969,41.04000092,130400,0,1
"22071003701","35380",22071003701,0,547.9779731,30778.88196,21.96999931,71.51000214,3.25999999,28.01000023,18.65999985,30756,19056,34286,45.33000183,34.52999878,41.02999878,158700,0,1
"22071003702","35380",22071003702,1,1134.021973,26315.00006,28.68000031,61.43000031,7.710000038,37.81999969,13.56999969,30507,24048,56125,41.29000092,30.57999992,41.59999847,211700,1,0
"22071003800","35380",22071003800,0,754,33320,90.93000031,2.339999914,3.299999952,5.829999924,2.980000019,66389,49940.7174925069,68581,9.760000229,57.38999939,51.43000031,350000,0,1
"22071003900","35380",22071003900,0,501.3061523,19778.99976,29.29999924,54.84000015,12.72000027,31.54000092,10.68999958,26915,24542,55167,32.88999939,34.09999847,22.70999908,220800,0,1
"22071004000","35380",22071004000,0,678.6938493,21358.49292,17.18000031,71.91999817,10.06000042,32.00999832,23.86000061,22063,21696,21607,54.77000046,15.18000031,32.20000076,94200,0,1
"22071004100","35380",22071004100,0,458,35341,83.54000092,12.77000046,2.390000105,11.13000011,3.549999952,46642,23378,65556,13.47000027,53.56000137,52.22999954,311800,0,1
"22071004401","35380",22071004401,0,619,10953,4.019999981,94.76000214,1.220000029,54.88000107,29.30999947,21448,21629,21607,68.62999725,9.979999542,31.98999977,118900,0,1
"22071004402","35380",22071004402,0,884,4621,63.9243262863757,13.4047409142474,15.2274662776778,15.9567745723636,10.0264053793369,56639.9112417014,49940.7174925069,60451.1686363636,43.7038297014993,27.4603351596808,64.7856257224851,225209.682896467,0,1
"22071004500","35380",22071004500,0,915,17124,18.12000084,70.86000061,8.109999657,25.61000061,16.53000069,29722,22297,51688,51.34999847,26.13999939,39.16999817,209400,0,1
"22071004600","35380",22071004600,0,906.6775513,34792.00044,73.13999939,12.42000008,10.31999969,17.92000008,1.340000033,47823,12669,59899,12.60000038,64.84999847,40.13999939,303100,0,1
"22071004800","35380",22071004800,0,826,4962,0,93.94999695,0,79.41999817,37.68000031,9605,9660,60451.1686363636,77.79000092,0.150000006,0,225209.682896467,0,1
"22071004900","35380",22071004900,0,925,10873,8.100000381,67.55999756,21.54999924,43.68999863,34.33000183,15927,14286,22250,65.16999817,9.010000229,23.32999992,160800,0,1
"22071005000","35380",22071005000,1,520,22202,18.18000031,42.29000092,36.22999954,53.43000031,15.31999969,25573,18105,36677,69.84999847,17.23999977,22.48999977,150700,1,0
"22071005400","35380",22071005400,0,620,24798,67.30000305,17.19000053,14.18000031,25.36000061,15.44999981,43996,33484,47621,28.82999992,54.54000092,25.86000061,231100,0,1
"22071005500","35380",22071005500,0,649,44833,81.08999634,7.71999979,9.449999809,10.10000038,6.019999981,62604,65792,59138,22.06999969,48.68000031,53.22000122,256300,0,1
"22071005601","35380",22071005601,0,428,49583,82.55999756,3.369999886,8.770000458,4.820000172,0.910000026,89028,83229,103875,13.10999966,66.93000031,68.90000153,332400,0,1
"22071005602","35380",22071005602,0,375,56367,91.59999847,4.019999981,3.5,4.429999828,2.50999999,70735,153229,66765,8.920000076,69.33000183,77.70999908,296100,0,1
"22071005603","35380",22071005603,0,372,46989,82.12000275,7.400000095,9.819999695,6.739999771,7.789999962,69861,49940.7174925069,80500,11.06999969,66.51000214,57.36999893,298900,0,1
"22071005604","35380",22071005604,1,206,49348,98.05000305,0,0.850000024,6.510000229,1.019999981,69231,49940.7174925069,69295,17.73999977,55.11999893,70.30000305,306500,1,0
"22071006000","35380",22071006000,0,353,6875,10.01000023,64.08999634,8.75,48.25999832,14.78999996,15750,16333,10417,33.20000076,40.77999878,3.130000114,159100,0,1
"22071006300","35380",22071006300,0,769,21619,11.59000015,61.97000122,24.89999962,50.61999893,23.62000084,17697,13109,25052,62.43000031,9.180000305,17.13999939,227500,0,1
"22071006400","35380",22071006400,0,828,22500,26.10000038,54.00999832,16.04999924,32.5,12,31643,25846,49158,47.90000153,23.53000069,25.72999954,255800,0,1
"22071006500","35380",22071006500,0,1023,21456,44.34000015,32.84999847,15.26000023,32.5,3.650000095,32226,14566,60990,31.80999947,37.13000107,34.59000015,167900,0,1
"22071006900","35380",22071006900,0,1365,7729,0,100,0,68.61000061,44.49000168,10337,10337,60451.1686363636,76.73000336,9.270000458,1.279999971,225209.682896467,0,1
"22071007000","35380",22071007000,1,356,13214,21.07999992,69.52999878,5.789999962,43.24000168,25.57999992,14420,13839,42969,47.33000183,31.29999924,21.86000061,220300,1,0
"22071007101","35380",22071007101,1,89.63380432,12900.99989,11.17000008,70.55000305,17.09000015,52.06000137,22,15655,13538,2499,59.04000092,10.23999977,10.06000042,87500,1,0
"22071007200","35380",22071007200,1,812,15547,2.75,89.31999969,4.75,48.61999893,22.12000084,21044,21514,8317,60.59000015,8.699999809,26.44000053,99200,1,0
"22071007501","35380",22071007501,0,468,20483,2.769999981,95.91999817,0,28.86000061,19.51000023,23494,24517,18167,45.75999832,16.75,57.79000092,114600,0,1
"22071007502","35380",22071007502,0,747,21592,0,99.77999878,0.219999999,25.65999985,18.48999977,24405,24405,60451.1686363636,60.95999908,10.89999962,42.75,114100,0,1
"22071007604","35380",22071007604,0,65,109721,90.91000366,0,5.550000191,2.660000086,1.080000043,131354,49940.7174925069,127083,4,71.59999847,90.88999939,558300,0,1
"22071007605","35380",22071007605,0,387.0586225,18422.38381,8.149999619,90.73000336,1.129999995,37.43999863,13.52000046,24821,18690,50250,64.38999939,11.69999981,28.94000053,97900,0,1
"22071007606","35380",22071007606,0,971,41082,77.90000153,9.930000305,6.829999924,10.93000031,5.150000095,60660,41510,62361,18.07999992,52.29999924,52.20999908,239600,0,1
"22071007700","35380",22071007700,1,738,35948,66.30000305,20.62999916,6.110000134,13.88000011,6.070000172,58712,53958,59963,11.71000004,68.26999664,32.58000183,239200,1,0
"22071007800","35380",22071007800,0,498,32287,50.36000061,14.81000042,23.79000092,27.85000038,5.539999962,56042,9567,64053,15.55000019,63.68000031,37.93999863,387500,0,1
"22071008200","35380",22071008200,0,892,24821,74.90000153,11.52999973,7.730000019,17.87000084,6.440000057,37946,9836,41765,17.29000092,46.58000183,24.11000061,298300,0,1
"22071008300","35380",22071008300,0,377,27024,64.87999725,25.45999908,6.860000134,13.97000027,9.340000153,65781,55032,94917,17.14999962,61.16999817,36.75999832,446400,0,1
"22071008400","35380",22071008400,1,560,20959,24.82999992,66.94000244,2.569999933,28.81999969,2.880000114,19339,18750,32375,53.31999969,26.07999992,6.03000021,315600,1,0
"22071008500","35380",22071008500,0,540,11862,2.029999971,85.98999786,8.779999733,65.52999878,42.97000122,14826,14805,60451.1686363636,85.81999969,2.359999895,13.38000011,153600,0,1
"22071008600","35380",22071008600,0,560,11955,1.220000029,95.27999878,3.5,40.49000168,7.78000021,16750,16313,60451.1686363636,80.19999695,8.979999542,14.85000038,84400,0,1
"22071008800","35380",22071008800,1,546,22935,50.22999954,42.68000031,5.21999979,19.62000084,4.510000229,46250,17194,62500,27.05999947,49.31000137,39.91999817,252100,1,0
"22071009000","35380",22071009000,1,568,46098,86.98999786,2.940000057,1.200000048,6.159999847,11.19999981,76354,49940.7174925069,72100,5.289999962,71.62999725,59.06999969,549100,1,0
"22071009100","35380",22071009100,0,940,20847,31.20999908,59.16999817,7.840000153,40.38000107,16.18000031,40505,25893,53491,40.90999985,35.50999832,26.71999931,179000,0,1
"22071009200","35380",22071009200,0,626,11500,2.089999914,95.45999908,0,32.49000168,22.70000076,18250,17917,60451.1686363636,65.65000153,2.079999924,29.35000038,145400,0,1
"22071009400","35380",22071009400,0,688,11851,5.159999847,92.56999969,2.269999981,43.18000031,26.79999924,25394,24167,42917,63.06999969,7.679999828,38.43000031,159000,0,1
"22071009600","35380",22071009600,0,406,22250,63.25999832,32.83000183,3.230000019,25.95999908,7.409999847,39250,14129,59911,34,51.58000183,49.79000092,245400,0,1
"22071009700","35380",22071009700,0,386,20703,38.29999924,48.15999985,8.579999924,22.18000031,17.97999954,44718,33068,54177,42.34999847,30.45000076,53.24000168,234100,0,1
"22071009900","35380",22071009900,0,1132,32165,74.5,11.05000019,10.63000011,15.06000042,6.019999981,45589,55644,44263,18.85000038,59.27999878,31.88999939,374000,0,1
"22071010000","35380",22071010000,0,713,17390,13.94999981,83.19999695,2.839999914,46.81999969,22.22999954,26627,20903,54000,46.41999817,29.70000076,26.92000008,156000,0,1
"22071010100","35380",22071010100,0,741,34677,58.5,35.09999847,5.429999828,17.96999931,7.800000191,58403,62602,59236,26.90999985,53.22000122,48.77000046,296600,0,1
"22071010200","35380",22071010200,0,672,16132,14.15999985,84.98999786,0.280000001,45.02999878,27.65999985,26078,21250,97604,43.13999939,25.12999916,36.43000031,161500,0,1
"22071010300","35380",22071010300,1,697,16801,8.970000267,88.04000092,0.159999996,28.5,13.31999969,30100,26534,53864,49.97000122,22.95000076,41.31000137,209900,1,0
"22071010600","35380",22071010600,0,459,24421,52.20999908,36.99000168,9.93999958,13.35000038,5.730000019,46513,26094,62167,24.05999947,54.90999985,41.45000076,281000,0,1
"22071010700","35380",22071010700,1,602,30701,78.23000336,14.30000019,4.579999924,7.78000021,5.230000019,65026,32227,78036,13.23999977,68.62999725,45.18999863,367200,1,0
"22071010800","35380",22071010800,0,341,46979,94.23999786,1.139999986,2.539999962,7.559999943,6.869999886,85595,49940.7174925069,92734,10.06999969,78.51999664,62.29000092,446400,0,1
"22071010900","35380",22071010900,1,888,28983,51.16999817,41.09000015,6.889999866,16,10.22999954,49767,44327,75531,21.12000084,55.15000153,53.20000076,305900,1,0
"22071011100","35380",22071011100,1,583,18482,20.63999939,77.54000092,1.690000057,37.97000122,16.12000084,27849,26563,61500,40.02000046,30.04000092,44.84999847,190900,1,0
"22071011200","35380",22071011200,0,320,39226,51.81000137,33.79000092,9.899999619,22.20000076,11.07999992,68750,59659,68667,31.92000008,53.75999832,50.18999863,262600,0,1
"22071011400","35380",22071011400,0,570,39125,84.94999695,6.590000153,3.849999905,9.579999924,0,79750,129125,66438,16.25,62.95999908,55.74000168,383900,0,1
"22071011500","35380",22071011500,0,346,46875,82.80000305,5.409999847,2.519999981,12.26000023,2.559999943,78525,49940.7174925069,75938,26.12000084,56.04999924,61,418900,0,1
"22071011600","35380",22071011600,0,279,59769,87.75,1.440000057,6.769999981,1.970000029,3.450000048,117981,49940.7174925069,116125,5.039999962,82.76999664,68.87999725,490900,0,1
"22071011700","35380",22071011700,0,421,92747,92.45999908,0,3.569999933,3.5,2.349999905,122222,49940.7174925069,124073,1.860000014,85.70999908,72.75,631000,0,1
"22071011900","35380",22071011900,1,392,48558,91.37999725,1.080000043,5.679999828,25.96999931,2.799999952,75980,49940.7174925069,76182,4.170000076,81.30000305,47.79999924,363200,1,0
"22071012000","35380",22071012000,0,216,75249,85.27999878,6.880000114,6.670000076,19.70999908,6.539999962,107946,14458,109107,6.539999962,77.79000092,70.55999756,577500,0,1
"22071012101","35380",22071012101,0,600,32857,73.43000031,6.329999924,8.579999924,24.90999985,10.17000008,69028,49940.7174925069,76786,2.190000057,80.16000366,42.5,375000,0,1
"22071012102","35380",22071012102,1,353,24886,67.52999878,12.51000023,13.09000015,44.84999847,10.56999969,34722,23939,44250,1.620000005,84.65000153,47.84999847,491500,1,0
"22071012200","35380",22071012200,0,346.3665161,58835.99872,68.15000153,11.64000034,7.809999943,7.949999809,3.569999933,80833,65074,79779,12.46000004,73.29000092,64.26999664,317300,0,1
"22071012300","35380",22071012300,0,495,31705,43.08000183,52.18999863,3.49000001,24.46999931,13.32999992,51375,25909,66696,32.77000046,40.22999954,49.74000168,205200,0,1
"22071012400","35380",22071012400,0,350.6335007,43094.59383,40.43000031,50.02000046,8.949999809,35.31999969,4.840000153,63708,19129,94306,26.01000023,54.50999832,76.94000244,297100,0,1
"22071012500","35380",22071012500,0,599,28370,64.01000214,25.87000084,4.489999771,19.69000053,2.930000067,37150,28194,41613,18.84000015,64.41999817,37.70999908,302000,0,1
"22071012600","35380",22071012600,1,670,30644,81.65000153,3.970000029,3.519999981,22.18000031,5.559999943,42500,16591,49957,11.13000011,78.55000305,34.59000015,331800,1,0
"22071012700","35380",22071012700,0,657,27041,53.99000168,38.91999817,5.829999924,24.30999947,21.02000046,42868,25033,54609,32.79999924,51.88000107,48.58000183,246900,0,1
"22071012800","35380",22071012800,0,670,34635,59.02000046,27.03000069,5.079999924,18.37999916,1.909999967,51902,49250,56656,20.64999962,60.36000061,43.16999817,278400,0,1
"22071012900","35380",22071012900,0,493,21500,65.68000031,20.13999939,4.449999809,27.19000053,5.539999962,38877,8796,39528,22.18000031,65.40000153,40.54000092,243200,0,1
"22071013000","35380",22071013000,0,491,19153,38.95999908,60.15999985,0.310000002,28.92000008,10.14000034,24947,21463,66200,49.09999847,40.43999863,30.78000069,146100,0,1
"22071013100","35380",22071013100,0,451,17279,2.140000105,88.12000275,9.369999886,51.40999985,13.98999977,20733,19680,36667,63,6.5,36.97000122,109600,0,1
"22071013200","35380",22071013200,1,679,27217,28.28000069,67.5,4.21999979,27.15999985,6.519999981,40582,34248,55721,46.81000137,24.52000046,36.11999893,218300,1,0
"22071013301","35380",22071013301,0,221,73229,89.98000336,0.74000001,7.190000057,3.950000048,3.700000048,94250,49940.7174925069,105568,12.10999966,69.44999695,91.66999817,369800,0,1
"22071013302","35380",22071013302,0,34,92735,66.36000061,19.40999985,5.389999866,12.23999977,6.309999943,89545,63750,128750,7.679999828,76.76000214,79.09999847,328800,0,1
"22071013400","35380",22071013400,1,707,37867.87056,59.47000122,20.62999916,5.110000134,32.13999939,3.75,46250,9805,73250,18.11000061,61.06999969,27.80999947,319400,1,0
"22071013500","35380",22071013500,0,1438,32731.88061,83.88999939,2.029999971,8.590000153,10.89999962,2.710000038,62337,22019,62083,24.13999939,55.56999969,30.05999947,412700,0,1
"22071013600","35380",22071013600,1,327,20233.18371,35.20999908,59.24000168,5.159999847,31.61000061,9.409999847,32735,21716,45179,42.75999832,28.12999916,57.11000061,162500,1,0
"22071013700","35380",22071013700,1,890,15518.47352,1.25999999,96.98000336,1.75999999,55.90000153,16.29999924,19931,22546,11500,60.04000092,2.640000105,47.06000137,110600,1,0
"22071013800","35380",22071013800,0,1676,11068.89955,4.900000095,94.93000031,0.170000002,31.82999992,24.45000076,27591,19028,55500,73.97000122,18.07999992,39.84999847,123000,0,1
"22071013900","35380",22071013900,1,750,22743.00493,48.29999924,41.04999924,8.510000229,19.78000069,16.73999977,29229,28481,54891,40,37.65000153,20.02000046,334900,1,0
"22071014000","35380",22071014000,1,923,9034.20284,3.690000057,93.51999664,1.950000048,59.79000092,37.20999908,9975,10423,10000,84.55999756,3.910000086,7.110000134,90800,1,0
"22071014100","35380",22071014100,0,748,11167.10638,24.88999939,72.33999634,2.269999981,37.20999908,11.02000046,21377,14311,50402,53.09000015,22.81999969,11.81000042,164800,0,1
"22071014200","35380",22071014200,0,549,20869.07767,52.18000031,43.15000153,3.069999933,26.43000031,11.06000042,34926,26667,81042,33.56999969,39.99000168,44.72000122,170600,0,1
"22071014300","35380",22071014300,0,1233,10226.80691,2.099999905,96.86000061,0.949999988,48,31.31999969,14714,15250,9250,58.70999908,5.800000191,12.35999966,93300,0,1
"22071014400","35380",22071014400,0,531,25290.48643,40.34000015,38.63000107,13.68999958,14.89000034,8.130000114,47156,38750,60313,36.86999893,46.65999985,52.15000153,259000,0,1
"22071014500","35380",22071014500,0,356.3075562,12901.00009,17.09000015,77.66000366,4.360000134,15.9567745723636,10.0264053793369,56639.9112417014,49940.7174925069,60451.1686363636,79.83999634,0.680000007,64.7856257224851,225209.682896467,0,1
"22071980000","35380",22071980000,1,0.322431564,34792.0007,84.62000275,7.690000057,0,15.38000011,0,56639.9112417014,49940.7174925069,60451.1686363636,7.690000057,84.62000275,0,225209.682896467,1,0
"22071980100","35380",22071980100,0,0.012779796,32450,63.9243262863757,13.4047409142474,15.2274662776778,15.9567745723636,10.0264053793369,56639.9112417014,49940.7174925069,60451.1686363636,43.7038297014993,27.4603351596808,64.7856257224851,225209.682896467,0,1
"22075050100","35380",22075050100,0,117,31318,44.59999847,54.22000122,1.190000057,14.51000023,10.81000042,42917,34531,58523,59.33000183,16.23999977,82.19999695,110300,0,1
"22075050200","35380",22075050200,1,597.9978027,52264.00153,84.44000244,2.119999886,7.340000153,7.53000021,4.269999981,72371,28398,74162,49.68000031,19.63999939,74.79000092,246800,1,0
"22075050300","35380",22075050300,0,503.0021844,37083.13419,77.19999695,12.52999973,8.170000076,7.539999962,7.210000038,63369,106114,60313,46.63000107,19.59000015,39.43000031,197400,0,1
"22075050400","35380",22075050400,0,110,36354,47.81000137,40.74000168,0.560000002,8.340000153,4.96999979,55278,49926,88393,67.19999695,15.06000042,97.27999878,160600,0,1
"22075050500","35380",22075050500,0,144,33125,16.70000076,66.23999786,4.159999847,23.15999985,9.109999657,38426,26806,56905,72.48000336,2.089999914,94.44000244,76500,0,1
"22075050600","35380",22075050600,0,105,27208,63.27999878,32.36999893,0,9.149999619,2.200000048,48684,24167,71912,58.09000015,13.59000015,94.84999847,85000,0,1
"22075050700","35380",22075050700,0,231,33059,79.16000366,3.50999999,0,15.56999969,2.099999905,41250,49940.7174925069,51451,56.20000076,11.13000011,94.97000122,60500,0,1
"22075050800","35380",22075050800,0,96,32625,61.95999908,33.15000153,0.790000021,35.08000183,15.09000015,28125,57652,29464,82.15000153,3.329999924,92.16000366,75400,0,1
"22087030103","35380",22087030103,0,318.9210815,27841.00079,73.40000153,17.59000015,7.039999962,19.76000023,14.63000011,34793,44141,35188,68.37000275,4.880000114,85.37999725,111600,0,1
"22087030104","35380",22087030104,0,165.0789158,33215.81812,70.5,0,25.61000061,21.78000069,19.22999954,30515,49940.7174925069,26800,68.59999847,8.859999657,83.98000336,106400,0,1
"22087030105","35380",22087030105,0,77,23566,36.59000015,42.50999832,20.90999985,10.10000038,24.48999977,32865,49940.7174925069,33698,78.23000336,13.27999973,71.54000092,154500,0,1
"22087030203","35380",22087030203,0,462,32472,79.90000153,4.96999979,11.72999954,12.97000027,9.609999657,43875,9948,45818,52.22000122,10.93000031,78.22000122,129800,0,1
"22087030204","35380",22087030204,0,532,34450,30.36000061,57.15999985,7.71999979,25.61000061,17.28000069,38309,31601,46938,59.47000122,12.22000027,71.16999817,113700,0,1
"22087030206","35380",22087030206,0,148,53909,82.55999756,6.639999866,4.239999771,14.92000008,11.02000046,62594,83750,64693,56.97000122,7.400000095,75.68000031,134700,0,1
"22087030207","35380",22087030207,0,287,50179,74.69000244,10.43000031,5.619999886,15.36999989,9.119999886,53333,43571,55662,51.61000061,26.32999992,73.19999695,144800,0,1
"22087030208","35380",22087030208,0,64,57292,66.69000244,6.53000021,7.75,4.179999828,4.360000134,58304,81458,61522,51.18000031,17.79999924,93.56999969,153100,0,1
"22087030209","35380",22087030209,0,604,33910,75.29000092,12.93999958,11.76000023,13.85999966,17.79000092,46250,30568,52972,62.56999969,10.73999977,80.23000336,124900,0,1
"22087030300","35380",22087030300,0,403.9872131,32450,71.08999634,4.300000191,24.14999962,15.17000008,9.800000191,35313,42188,40893,57.84999847,13.52999973,62.34999847,163500,0,1
"22087030400","35380",22087030400,0,235.6212921,33386.00041,81.76000214,9.869999886,6.28000021,14.71000004,14.03999996,43100,49940.7174925069,43650,66.30999756,3.420000076,75.62999725,123400,0,1
"22087030500","35380",22087030500,0,111.3787136,35873.08635,65.91000366,21.37999916,8.260000229,25.12000084,7.53000021,34938,24426,38906,57.90999985,11.68000031,69.38999939,139100,0,1
"22087030601","35380",22087030601,0,209,54018,64.38999939,19.51000023,7.239999771,41.95000076,9.050000191,42386,97589,60714,56.52999878,6.139999866,55.56000137,133600,0,1
"22087030602","35380",22087030602,0,313,31432,75.04000092,8.510000229,15.36999989,16.5,10.77999973,31461,31632,29483,54.25,15.88000011,77.63999939,116000,0,1
"22087030603","35380",22087030603,0,1054,23750,57.36999893,34.88000107,7.75,31.23999977,14.30000019,24766,18692,35964,82.41999817,3.730000019,0,225209.682896467,0,1
"22087030700","35380",22087030700,0,347,23950,87.26999664,6.550000191,6.179999828,11.05000019,17.10000038,40441,21731,40054,62.86000061,11.42000008,54.95000076,115900,0,1
"22087030800","35380",22087030800,1,1038,32161,74.94000244,16,3.940000057,17.57999992,9.020000458,31656,25213,43542,61.25999832,7.409999847,40.88999939,119600,1,0
"22089060100","35380",22089060100,0,38.79409027,48388.00112,77.08000183,17.26000023,4,4.269999981,10.5,59250,58750,59438,55.61000061,21.62000084,78.93000031,2e+05,0,1
"22089062100","35380",22089062100,0,522.9998779,37007.99897,52.97000122,39.74000168,6.659999847,16.47999954,7.380000114,54129,34700,67059,53.47999954,17.62999916,76.08999634,158000,0,1
"22089062200","35380",22089062200,0,167,31512,30.39999962,65.12000275,0.970000029,26.04999924,17.40999985,40288,31964,64013,61.31000137,8.06000042,82.33000183,123300,0,1
"22089062301","35380",22089062301,0,262,74830,75.33999634,12.60000038,7.71999979,4.849999905,8.329999924,97643,68221,99754,29.23999977,33.56000137,87.45999908,251700,0,1
"22089062302","35380",22089062302,0,193,56297,69.37999725,21.45999908,7.53000021,10.22999954,3.609999895,65956,59125,65717,46.15000153,28.52000046,84.86000061,201600,0,1
"22089062400","35380",22089062400,0,108.0000952,28482.00464,63.08000183,35.38000107,1.539999962,6.880000114,13.06000042,39000,19125,44484,65.26000214,7.789999962,85.40000153,100600,0,1
"22089062500","35380",22089062500,0,209,37326,84.86000061,10.35000038,2.25,11.17000008,3.809999943,49327,65547,49519,56.61999893,14.07999992,83.23000336,155800,0,1
"22089062700","35380",22089062700,0,304,35789,47.40999985,44.90000153,5.510000229,22.87000084,13.38000011,51875,38364,61458,54.27999878,15.55000019,81.44000244,157300,0,1
"22089062800","35380",22089062800,0,399,31202,35.61000061,56.65000153,7.510000229,23.68000031,4.75,42431,31285,57803,54.72999954,17.54999924,71.16000366,140600,0,1
"22089062900","35380",22089062900,0,164,41667,84.52999878,8.600000381,3.400000095,9.5,5.28000021,54677,46932,60089,50.36000061,20.29000092,82.25,152300,0,1
"22089063000","35380",22089063000,0,59,41691,63.68000031,31.22999954,3.549999952,9.119999886,3.819999933,47336,41438,47981,58.15999985,17.57999992,90.54000092,150200,0,1
"22089063100","35380",22089063100,0,301,67145,84.08999634,6.510000229,4.369999886,3.960000038,3.75,85400,21857,87981,38.72000122,23.77000046,82.62999725,241300,0,1
"22089063200","35380",22089063200,0,317,38875,90.84999847,3.430000067,2.200000048,13.36999989,5.019999981,55962,51391,61094,67.65000153,11.98999977,88.11000061,123300,0,1
"22095070100","35380",22095070100,0,92,63281,66.02999878,26.94000053,5.070000172,2.049999952,3.920000076,80903,74792,84531,50.31000137,28.44000053,87.16999817,232300,0,1
"22095070200","35380",22095070200,0,266.7138271,46707.08524,12.38000011,80.47000122,4.960000038,10.85000038,11.27000046,59958,58763,78233,48.90999985,17.59000015,89.22000122,152000,0,1
"22095070300","35380",22095070300,0,363.2861633,42386.00057,57.68000031,29.39999962,8.850000381,12.40999985,7.320000172,52892,42721,59340,46.18999863,19.93000031,82.36000061,158800,0,1
"22095070400","35380",22095070400,0,212.834137,64735.00272,65.16999817,29.04000092,4,10.02000046,8.659999847,73281,34769,78750,38.47999954,25.37999916,74.26000214,196100,0,1
"22095070500","35380",22095070500,0,266.1658742,40833.70217,33.75,55.65000153,9.130000114,11.07999992,10.42000008,61888,63906,56123,58.70999908,7.590000153,86.25,141900,0,1
"22095070600","35380",22095070600,0,169.9946747,29375.00047,51.40000153,48.59999847,0,29.90999985,26.12999916,42206,21747,66944,62.13999939,12.14000034,80.91000366,129300,0,1
"22095070700","35380",22095070700,1,295.0053325,34727.9032,56.36000061,36.56999969,5.78000021,19.42000008,9.600000381,42938,44632,43651,63.16999817,11.65999985,70.08000183,104200,1,0
"22095070800","35380",22095070800,0,215,28843,15.60000038,81.08999634,0,28.07999992,27.40999985,33304,32041,56023,68.5,4.510000229,69.56999969,109900,0,1
"22095070900","35380",22095070900,0,280,26618,35.36000061,60.70000076,2.019999981,25.64999962,9.909999847,30221,22355,49141,58.27000046,14.75,59.66999817,162500,0,1
"22095071000","35380",22095071000,0,365.2059078,29830.51098,51.70000076,40.79000092,3.5,22.63999939,5.46999979,37860,35100,41350,66.02999878,9.119999886,57.84000015,80000,0,1
"22095071100","35380",22095071100,0,186.9954376,25781.00092,11.97000027,88.02999878,0,23.87999916,23.53000069,36750,34650,43958,61,8.909999847,74.73000336,88400,0,1
"22103040102","35380",22103040102,1,469.9890099,35480.25234,89.26000214,3.599999905,2.829999924,14.97000027,7.300000191,49444,38651,52311,55.38000107,18.52000046,82.86000061,157500,1,0
"22103040103","35380",22103040103,0,161.38591,41099.99824,95.55999756,0.109999999,4.329999924,9.239999771,5.789999962,51250,49940.7174925069,51451,47.20999908,21.72999954,89.66999817,164100,0,1
"22103040104","35380",22103040104,0,216.6141882,41099.99471,96.94000244,0.50999999,2.390000105,10.32999992,10.17000008,69386,31458,69661,42.04999924,25.10000038,86.73999786,209500,0,1
"22103040201","35380",22103040201,0,257.7906644,37421.60582,81.30000305,8.050000191,2.589999914,11.05000019,8.859999657,57241,34899,58359,50.22999954,20.37999916,89.59999847,199400,0,1
"22103040202","35380",22103040202,0,291.4173767,42881.49187,84.01000214,11.14999962,2.710000038,8.640000343,5.739999771,53794,26755,54855,51.34000015,17.52000046,85.98000336,223100,0,1
"22103040303","35380",22103040303,0,998.0018278,56091.23928,88.12000275,0.649999976,6.309999943,8.600000381,7.449999809,68080,134609,67771,28.89999962,44.68000031,57.68999863,277700,0,1
"22103040304","35380",22103040304,0,249.9857025,90383.99999,95.41000366,0,2.299999952,2.200000048,2.480000019,104205,49940.7174925069,102500,11.22999954,62.70000076,92.93000031,307400,0,1
"22103040305","35380",22103040305,0,262,40295,92.62999725,3.190000057,2.74000001,5.039999962,4.960000038,87354,19706,89302,29,40.34000015,87.08000183,241400,0,1
"22103040400","35380",22103040400,0,296.4467773,49279.99974,92.62000275,3.569999933,2.109999895,11.89000034,2.25999999,80743,16082,82628,23.27000046,44.79000092,81.06999969,245100,0,1
"22103040501","35380",22103040501,0,530.3703003,27070.99882,43.04000092,54.47000122,2.200000048,32.56999969,6.980000019,27864,25345,38529,45.20999908,25.45000076,53.06000137,155300,0,1
"22103040502","35380",22103040502,0,157.9903717,42016.99787,71.37000275,23.42000008,3.730000019,12.17000008,6.559999943,52578,20286,59844,41.06999969,27.07999992,83.68000031,167900,0,1
"22103040601","35380",22103040601,0,126,78122,98.05999756,0.870000005,0.779999971,4.550000191,0,92115,49940.7174925069,93906,19.20000076,55.93999863,84.37999725,354500,0,1
"22103040602","35380",22103040602,0,367,42266,86.33999634,0.25999999,11.72000027,4.420000076,4.050000191,55962,49940.7174925069,56673,33.90000153,42.72000122,59.77999878,265500,0,1
"22103040604","35380",22103040604,0,370.8141479,47254.00047,90.29000092,1.870000005,5.71999979,21.87999916,9.069999695,52561,73393,51810,45.13000107,25.47999954,71.56999969,164200,0,1
"22103040605","35380",22103040605,1,320.2189163,47254.01708,81.91999817,10.64999962,4.710000038,8.220000267,8.56000042,77476,51250,93000,29.12999916,41.84000015,85.25,255900,1,0
"22103040701","35380",22103040701,0,296.4916408,50757.65737,69.91000366,22.02000046,6.320000172,5.119999886,8.119999886,67316,66361,68163,41.93999863,22.51000023,77.83000183,176000,0,1
"22103040704","35380",22103040704,0,451.524621,28620.39697,77.5,17.20000076,2.779999971,22.48999977,6.809999943,30741,30825,36875,63.86000061,11.22999954,73.54000092,107100,0,1
"22103040705","35380",22103040705,0,355.5599494,46330.62003,79.91999817,14.42000008,3.460000038,9.890000343,11.02000046,53410,62955,53859,42.15999985,23.36000061,68.30000305,158400,0,1
"22103040706","35380",22103040706,0,348.9247742,39468.99913,89.30999756,3.460000038,4.320000172,14.63000011,5,49206,79276,49703,50.45999908,22.86000061,70.44000244,174500,0,1
"22103040708","35380",22103040708,0,242,75507,82.91999817,10.92000008,3.220000029,5.289999962,9.109999657,98023,107019,100372,23.06999969,45.11999893,86.30999756,284200,0,1
"22103040709","35380",22103040709,0,266.5691713,62475.75856,80.88999939,3.609999895,13.32999992,2.279999971,9.239999771,81318,89063,83125,42.40000153,30.27000046,83.05999756,190500,0,1
"22103040710","35380",22103040710,0,261.2535706,62520.99923,71.58000183,13.57999992,2.49000001,5.650000095,6.539999962,63462,64609,64931,43.77999878,29.54999924,79.76999664,217900,0,1
"22103040801","35380",22103040801,0,328.3527222,40563.00103,64.31999969,15.64000034,14.32999992,19.25,9.81000042,40450,16964,46131,50.93000031,15.19999981,60.86999893,147200,0,1
"22103040802","35380",22103040802,0,735,54268,81.69999695,8.430000305,2.210000038,3.589999914,3.150000095,80964,49929,85237,37.36999893,26.5,76.66999817,292500,0,1
"22103040803","35380",22103040803,1,528,41795,45.65999985,42.88999939,5.349999905,17.37999916,10.57999992,52314,54604,50280,36.79000092,19.01000023,67.23999786,151200,1,0
"22103040900","35380",22103040900,0,589.6507043,25539.90323,43.25,47.34999847,6.710000038,24.92000008,12.85999966,30110,26875,31898,60.97999954,7.25,56.61999893,96300,0,1
"22103041002","35380",22103041002,0,177.1723216,44779.1452,92.5,2.410000086,2.069999933,17.73999977,10.19999981,49423,49940.7174925069,50439,35.93000031,32.25,86.05000305,158700,0,1
"22103041003","35380",22103041003,0,388.7248877,55107.69682,84.79000092,9.090000153,5.380000114,9.210000038,2.900000095,55631,34000,55794,38.47000122,27.89999962,79.73000336,167200,0,1
"22103041004","35380",22103041004,0,182.1000061,51553.99967,87.91000366,4.190000057,5.269999981,6.650000095,10.84000015,61333,100417,63269,38.56000137,26.28000069,87.98999786,162000,0,1
"22103041101","35380",22103041101,0,158,40369,83.34999847,12.76000023,2.339999914,15.02999973,5.25,44342,43125,50164,48.40000153,13.36999989,86.76000214,137300,0,1
"22103041102","35380",22103041102,0,432,45818,65.26999664,25.05999947,6.96999979,17.37000084,5.989999771,41228,37159,46410,43.58000183,21.34000015,72.58999634,139700,0,1
"22103041103","35380",22103041103,0,424.1706707,30546.19555,45.47999954,40.61999893,10.51000023,25.45000076,13.40999985,35100,48108,30427,56.27999878,8.079999924,59.70999908,120200,0,1
"22103041104","35380",22103041104,0,244.996555,40205.09805,82.69999695,11.06999969,1.99000001,11.43000031,5.860000134,63125,37000,69716,43.15000153,31.51000023,79.36000061,143700,0,1
"22103041202","35380",22103041202,0,152.2346953,36649.04999,60.13999939,26.69000053,10.60999966,29.98999977,15.18000031,41200,19420,44398,56.08000183,14.38000011,72.84999847,170500,0,1
"22103041204","35380",22103041204,0,331.2736511,40937.99941,71.75,20.77000046,2.829999924,15.52999973,10.38000011,42375,35750,48790,58.13999939,14.68000031,80.08999634,158600,0,1
"22103041207","35380",22103041207,0,164.7479248,79535.0028,92.87000275,1.299999952,4.010000229,3.640000105,7.170000076,59820,49940.7174925069,59845,28.28000069,37.75,73.55999756,241400,0,1
"22103041208","35380",22103041208,0,167.7097778,79534.99675,88.77999878,0,4.670000076,1.809999943,1.730000019,136757,49940.7174925069,144545,16.54999924,61.33000183,97.73999786,358200,0,1
"22103041209","35380",22103041209,0,204.4188385,79535.00231,88.20999908,7.260000229,1.809999943,2.950000048,4.739999771,77264,50901,78194,15.52999973,54.33000183,76.25,239900,0,1
"22103041210","35380",22103041210,0,47.08558655,65759.00092,87.77999878,6.440000057,0,2.25,2.49000001,65833,65667,64608,46.04000092,20.5,80.18000031,171700,0,1
"22103041211","35380",22103041211,0,127.0397186,65759.00245,88.72000122,1.629999995,6.389999866,4.119999886,7.769999981,88058,49940.7174925069,92614,25.93000031,39.86999893,86.01000214,226400,0,1
"22103041212","35380",22103041212,0,76.87468719,65759.00142,88.77999878,1.769999981,6.829999924,1.720000029,4.860000134,95231,49940.7174925069,93929,16.80999947,48.74000168,92.88999939,234000,0,1
"22103041300","35380",22103041300,0,776.1234668,54985.43959,73.48000336,12.63000011,10.32999992,6.039999962,6.869999886,62485,45304,66741,26.12999916,42.72000122,69.91999817,217400,0,1
